{
  "accuracy": [
    0.7188118696212769,
    0.7629950642585754,
    0.7974010109901428,
    0.8284653425216675,
    0.8585395812988281,
    0.878960371017456,
    0.8988861441612244,
    0.906559407711029,
    0.9205445647239685,
    0.9264851212501526,
    0.939480185508728,
    0.9455445408821106,
    0.949009895324707,
    0.9504950642585754,
    0.9556930661201477,
    0.9570544362068176,
    0.9581683278083801,
    0.9612624049186707,
    0.9643564224243164,
    0.9601485133171082,
    0.9632425904273987,
    0.9649752378463745,
    0.9662128686904907,
    0.965099036693573,
    0.9633663296699524,
    0.9626237750053406,
    0.9667079448699951,
    0.9673267602920532,
    0.9646039605140686,
    0.9662128686904907,
    0.9657177925109863,
    0.9664604067802429,
    0.969059407711029,
    0.9667079448699951,
    0.9705445766448975,
    0.9675742387771606,
    0.9662128686904907,
    0.9663366079330444
  ],
  "auc": [
    0.8004230856895447,
    0.8519211411476135,
    0.8831444978713989,
    0.9138785600662231,
    0.9362167716026306,
    0.9505903124809265,
    0.9632502198219299,
    0.9684351086616516,
    0.9761080145835876,
    0.9785212278366089,
    0.9854552745819092,
    0.9870009422302246,
    0.988286018371582,
    0.9890689849853516,
    0.990421712398529,
    0.9918397665023804,
    0.9916200041770935,
    0.9923369884490967,
    0.9929336309432983,
    0.9923630356788635,
    0.993384838104248,
    0.9935994148254395,
    0.9938478469848633,
    0.9933321475982666,
    0.9935446977615356,
    0.9934471845626831,
    0.9945898652076721,
    0.9947444200515747,
    0.9944977760314941,
    0.9944078326225281,
    0.9939231276512146,
    0.9943118691444397,
    0.9943713545799255,
    0.994819164276123,
    0.9951863884925842,
    0.9946151375770569,
    0.9942365288734436,
    0.9939776659011841
  ],
  "loss": [
    0.5467586517333984,
    0.47679403424263,
    0.43131783604621887,
    0.376351922750473,
    0.32721367478370667,
    0.2889304459095001,
    0.24932654201984406,
    0.23026783764362335,
    0.20183977484703064,
    0.18886004388332367,
    0.15680652856826782,
    0.14857935905456543,
    0.1400681436061859,
    0.13556940853595734,
    0.12622155249118805,
    0.11691892147064209,
    0.11754707992076874,
    0.11308127641677856,
    0.10814863443374634,
    0.11049944907426834,
    0.10487396270036697,
    0.1007075086236,
    0.1017257496714592,
    0.10322103649377823,
    0.10290911793708801,
    0.1030532568693161,
    0.09718425571918488,
    0.09564705938100815,
    0.09692942351102829,
    0.09600413590669632,
    0.09944731742143631,
    0.09690511971712112,
    0.0959651991724968,
    0.09226566553115845,
    0.09137947857379913,
    0.0939885824918747,
    0.09711434692144394,
    0.09892582893371582
  ],
  "precision": [
    0.7245935201644897,
    0.77153080701828,
    0.806739866733551,
    0.8300995230674744,
    0.8508113622665405,
    0.8705227375030518,
    0.8895334601402283,
    0.8949266672134399,
    0.9058767557144165,
    0.9131894707679749,
    0.9252694845199585,
    0.9308281540870667,
    0.9345951080322266,
    0.9364508390426636,
    0.9434008002281189,
    0.943124532699585,
    0.94666987657547,
    0.9502295255661011,
    0.9524843096733093,
    0.9468749761581421,
    0.9543578624725342,
    0.9549527764320374,
    0.9557222127914429,
    0.9562894701957703,
    0.9502164721488953,
    0.9545233249664307,
    0.9564270377159119,
    0.9582524299621582,
    0.9562469720840454,
    0.9548418521881104,
    0.955018162727356,
    0.955743670463562,
    0.9590600728988647,
    0.957756757736206,
    0.9609602093696594,
    0.9582726955413818,
    0.9577156901359558,
    0.9572815299034119
  ],
  "recall": [
    0.7059406042098999,
    0.7472772002220154,
    0.7821782231330872,
    0.8259900808334351,
    0.8695544600486755,
    0.8903465270996094,
    0.9108911156654358,
    0.9212871193885803,
    0.9386138319969177,
    0.9425742626190186,
    0.9561881422996521,
    0.9626237750053406,
    0.9655940532684326,
    0.9665841460227966,
    0.9695544838905334,
    0.9727723002433777,
    0.9710395932197571,
    0.9735148549079895,
    0.9774752259254456,
    0.9750000238418579,
    0.9730197787284851,
    0.9759901165962219,
    0.9777227640151978,
    0.9747524857521057,
    0.97797030210495,
    0.9715346693992615,
    0.97797030210495,
    0.9772277474403381,
    0.9737623929977417,
    0.9787128567695618,
    0.9774752259254456,
    0.9782178401947021,
    0.979950487613678,
    0.9764851331710815,
    0.980940580368042,
    0.9777227640151978,
    0.9754950404167175,
    0.9762375950813293
  ],
  "val_accuracy": [
    0.5099009871482849,
    0.5272276997566223,
    0.7336633801460266,
    0.6663366556167603,
    0.8544554710388184,
    0.6900990009307861,
    0.9049504995346069,
    0.896039605140686,
    0.8123762607574463,
    0.8742574453353882,
    0.959900975227356,
    0.9509900808334351,
    0.6702970266342163,
    0.5084158182144165,
    0.8262376189231873,
    0.8519802093505859,
    0.6222772002220154,
    0.9693069458007812,
    0.944059431552887,
    0.9143564105033875,
    0.9445544481277466,
    0.9762375950813293,
    0.9524752497673035,
    0.9212871193885803,
    0.96089106798172,
    0.9757425785064697,
    0.9722772240638733,
    0.9678217768669128,
    0.9544554352760315,
    0.9693069458007812,
    0.9663366079330444,
    0.9698019623756409,
    0.9698019623756409,
    0.9663366079330444,
    0.9668316841125488,
    0.9673267602920532,
    0.9658415913581848,
    0.9658415913581848
  ],
  "val_auc": [
    0.6398249864578247,
    0.6905107498168945,
    0.8667635321617126,
    0.9042794704437256,
    0.9247525334358215,
    0.9234634041786194,
    0.9623160362243652,
    0.9696853160858154,
    0.9720845818519592,
    0.9725968241691589,
    0.9914615750312805,
    0.9827407598495483,
    0.7708817720413208,
    0.5661607384681702,
    0.9608170390129089,
    0.9769576191902161,
    0.930525004863739,
    0.9956543445587158,
    0.9944241046905518,
    0.9836554527282715,
    0.9938902854919434,
    0.9910563230514526,
    0.9943481087684631,
    0.991902232170105,
    0.9957072734832764,
    0.9960806965827942,
    0.9966782331466675,
    0.996247410774231,
    0.9953357577323914,
    0.9969630837440491,
    0.9965267777442932,
    0.9967929720878601,
    0.9967527389526367,
    0.9965307712554932,
    0.9965900182723999,
    0.9965107440948486,
    0.9965061545372009,
    0.9964328408241272
  ],
  "val_loss": [
    0.6894475817680359,
    0.7022459506988525,
    0.4900105595588684,
    0.6116597056388855,
    0.38279783725738525,
    0.6272571086883545,
    0.25639089941978455,
    0.2663869261741638,
    0.3863024413585663,
    0.3099082410335541,
    0.13923636078834534,
    0.17516693472862244,
    1.142751932144165,
    4.223141193389893,
    0.5497791767120361,
    0.4227956235408783,
    1.1704028844833374,
    0.08586589992046356,
    0.15058551728725433,
    0.2747787833213806,
    0.1581881195306778,
    0.09469741582870483,
    0.13676458597183228,
    0.2256523221731186,
    0.11627140641212463,
    0.07524558901786804,
    0.08377856761217117,
    0.09977617859840393,
    0.12714095413684845,
    0.08599954843521118,
    0.0974753126502037,
    0.08788600564002991,
    0.09032482653856277,
    0.09812421351671219,
    0.0957222729921341,
    0.09400787204504013,
    0.09785931557416916,
    0.09929952025413513
  ],